power,regular,regression
20,60.7089688820696,50.5250155527466
30,49.8129024500387,49.4679671168409
40,73.302302671442,46.9610320517348
50,50.9634442192407,46.4021198172465
60,45.2963174757875,45.3246294908782
65,44.5070408888627,44.5485028594187
70,45.067212512773,44.8032040920886
75,44.7560272694521,44.7837884868245
80,44.2388338718565,44.0676544625186
90,44.5156268517474,44.488784277328
